{
	"format_version": "1.8.0",
	"animations": {
		"move.walk": {
			"loop": true,
			"animation_length": 0.5,
			"bones": {
				"right_leg": {
					"rotation": {
						"0.0": {
							"vector": [0, -22.5, 0]
						},
						"0.25": {
							"vector": [-2.15601, -0.21761, -2.57596]
						},
						"0.375": {
							"vector": [-6.31544, -10.57798, 6.94271]
						},
						"0.5": {
							"vector": [0, -22.5, 0]
						}
					}
				},
				"right_leg2": {
					"rotation": {
						"0.0": {
							"vector": [0, 17.5, 0]
						},
						"0.125": {
							"vector": [4.70265, 2.4502, 17.47782]
						},
						"0.25": {
							"vector": [7.5, -10, 0]
						},
						"0.5": {
							"vector": [0, 17.5, 0]
						}
					}
				},
				"left_leg2": {
					"rotation": {
						"0.0": {
							"vector": [7.5, 10, 0]
						},
						"0.25": {
							"vector": [0, -17.5, 0]
						},
						"0.375": {
							"vector": [4.70265, -2.4502, -17.4778]
						},
						"0.5": {
							"vector": [7.5, 10, 0]
						}
					}
				},
				"left_leg": {
					"rotation": {
						"0.0": {
							"vector": [-2.15601, 0.2176, 2.576]
						},
						"0.125": {
							"vector": [-4.48081, 10.50319, -16.51685]
						},
						"0.25": {
							"vector": [0, 22.5, 0]
						},
						"0.5": {
							"vector": [-2.15601, 0.2176, 2.576]
						}
					}
				}
			}
		}
	}
}