{
	"format_version": "1.8.0",
	"animations": {
		"move.run": {
			"loop": true,
			"animation_length": 0.5,
			"bones": {
				"body": {
					"rotation": {
						"0.0": {
							"vector": [35, 0, 0]
						},
						"0.5": {
							"vector": [35, 0, 0]
						}
					},
					"position": {
						"0.0": {
							"vector": [0, 0.75, 12]
						},
						"0.2083": {
							"vector": [0, 0, 12]
						},
						"0.3333": {
							"vector": [0, 4, 12]
						},
						"0.5": {
							"vector": [0, 0.75, 12]
						}
					}
				},
				"head": {
					"rotation": {
						"0.0": {
							"vector": [-35, 0, 0]
						},
						"0.2083": {
							"vector": [-55, 0, 0]
						},
						"0.3333": {
							"vector": [-35, 0, 0]
						},
						"0.5": {
							"vector": [-35, 0, 0]
						}
					}
				},
				"right_leg": {
					"rotation": {
						"0.0": {
							"vector": [-31.06383, 16.82787, 4.93672]
						},
						"0.2083": {
							"vector": [1.33402, 27.2685, -6.8139]
						},
						"0.3333": {
							"vector": [-111.51997, 21.6818, -1.7992]
						},
						"0.5": {
							"vector": [-31.06383, 16.82787, 4.93672]
						}
					}
				},
				"right_forearm": {
					"rotation": {
						"0.0": {
							"vector": [0, 0, 0]
						},
						"0.3333": {
							"vector": [0, 0, 25]
						},
						"0.5": {
							"vector": [0, 0, 0]
						}
					}
				},
				"left_leg": {
					"rotation": {
						"0.0": {
							"vector": [-28.65862, -14.23286, -4.88706]
						},
						"0.2083": {
							"vector": [1.33402, -27.26851, 6.81394]
						},
						"0.3333": {
							"vector": [-111.51997, -21.6818, 1.79923]
						},
						"0.5": {
							"vector": [-28.65862, -14.23286, -4.88706]
						}
					}
				},
				"left_forearm": {
					"rotation": {
						"0.0": {
							"vector": [0, 0, 0]
						},
						"0.3333": {
							"vector": [0, 0, -25]
						},
						"0.5": {
							"vector": [0, 0, 0]
						}
					}
				},
				"tail_1": {
					"rotation": {
						"0.0": {
							"vector": [0, 0, 0]
						},
						"0.125": {
							"vector": [0, -25, 0]
						},
						"0.25": {
							"vector": [0, 0, 0]
						},
						"0.375": {
							"vector": [0, 25, 0]
						},
						"0.5": {
							"vector": [0, 0, 0]
						}
					}
				},
				"tail_2": {
					"rotation": {
						"0.0": {
							"vector": [0, 0, 0]
						},
						"0.125": {
							"vector": [0, -20, 0]
						},
						"0.25": {
							"vector": [0, 0, 0]
						},
						"0.375": {
							"vector": [0, 20, 0]
						},
						"0.5": {
							"vector": [0, 0, 0]
						}
					}
				},
				"tail_3": {
					"rotation": {
						"0.0": {
							"vector": [0, 0, 0]
						},
						"0.125": {
							"vector": [0, -10, 0]
						},
						"0.25": {
							"vector": [0, 0, 0]
						},
						"0.375": {
							"vector": [0, 10, 0]
						},
						"0.5": {
							"vector": [0, 0, 0]
						}
					}
				},
				"right_backleg": {
					"rotation": {
						"0.0": {
							"vector": [-35, 0, 0]
						},
						"0.2083": {
							"vector": [-55, 0, 0]
						},
						"0.3333": {
							"vector": [35, 0, 0]
						},
						"0.5": {
							"vector": [-35, 0, 0]
						}
					}
				},
				"left_backleg": {
					"rotation": {
						"0.0": {
							"vector": [-35, 0, 0]
						},
						"0.2083": {
							"vector": [-55, 0, 0]
						},
						"0.3333": {
							"vector": [35, 0, 0]
						},
						"0.5": {
							"vector": [-35, 0, 0]
						}
					}
				},
				"upper_body": {
					"rotation": {
						"0.0": {
							"vector": [0, 0, 0]
						},
						"0.2083": {
							"vector": [17.5, 0, 0]
						},
						"0.5": {
							"vector": [0, 0, 0]
						}
					}
				},
				"right_foot": {
					"rotation": {
						"0.0": {
							"vector": [-90, 0, 0]
						},
						"0.2083": {
							"vector": [0, 0, 0]
						},
						"0.5": {
							"vector": [-82.5, 0, 0]
						}
					}
				},
				"left_foot": {
					"rotation": {
						"0.0": {
							"vector": [-90, 0, 0]
						},
						"0.2083": {
							"vector": [0, 0, 0]
						},
						"0.5": {
							"vector": [-82.5, 0, 0]
						}
					}
				},
				"right_calf": {
					"rotation": {
						"0.0": {
							"vector": [0, 0, 0]
						},
						"0.2083": {
							"vector": [20, 0, 0]
						},
						"0.5": {
							"vector": [0, 0, 0]
						}
					}
				},
				"left_calf": {
					"rotation": {
						"0.0": {
							"vector": [0, 0, 0]
						},
						"0.2083": {
							"vector": [20, 0, 0]
						},
						"0.5": {
							"vector": [0, 0, 0]
						}
					}
				}
			}
		},
		"attack.swing": {
			"animation_length": 0.5,
			"bones": {
				"upper_body": {
					"rotation": {
						"0.0": {
							"vector": [0, 0, 0]
						},
						"0.125": {
							"vector": [0, 30, 0]
						},
						"0.25": {
							"vector": [0, 0, 0]
						}
					}
				},
				"right_leg": {
					"rotation": {
						"0.0": {
							"vector": [0, 0, 0]
						},
						"0.125": {
							"vector": [-7.8737, 53.16313, 135.08891]
						},
						"0.25": {
							"vector": [-95.01407, 27.87362, -4.80782]
						},
						"0.5": {
							"vector": [0, 0, 0]
						}
					}
				},
				"right_forearm": {
					"rotation": {
						"0.0": {
							"vector": [0, 0, 0]
						},
						"0.125": {
							"vector": [0, 90, 0]
						},
						"0.25": {
							"vector": [67.5, 90, 0]
						},
						"0.5": {
							"vector": [0, 0, 0]
						}
					},
					"position": {
						"0.0": {
							"vector": [0, 0, 0]
						},
						"0.125": {
							"vector": [-1, 0, 1]
						},
						"0.5": {
							"vector": [0, 0, 0]
						}
					}
				}
			}
		}
	},
	"geckolib_format_version": 2
}