{
	"format_version": "1.8.0",
	"animations": {
		"move.run": {
			"loop": true,
			"animation_length": 0.5,
			"bones": {
				"body": {
					"rotation": {
						"0.0": {
							"vector": [4, 0, 0]
						},
						"0.125": {
							"vector": [12.6, 0, 0]
						},
						"0.2083": {
							"vector": [10, 0, 0]
						},
						"0.2917": {
							"vector": [4.86, 0, 0]
						},
						"0.5": {
							"vector": [4, 0, 0]
						}
					},
					"position": {
						"0.0": {
							"vector": [0, 2.67, -2]
						},
						"0.2083": {
							"vector": [0, -4, 8]
						},
						"0.5": {
							"vector": [0, 2.67, -2]
						}
					}
				},
				"upper_body": {
					"rotation": {
						"0.0": {
							"vector": [21.88, 0, 0]
						},
						"0.2083": {
							"vector": [37.5, 0, 0]
						},
						"0.5": {
							"vector": [21.88, 0, 0]
						}
					}
				},
				"head_full": {
					"rotation": {
						"0.0": {
							"vector": [-13.12, 0, 0]
						},
						"0.2083": {
							"vector": [-35, 0, 0]
						},
						"0.5": {
							"vector": [-13.12, 0, 0]
						}
					},
					"position": {
						"0.0": {
							"vector": [0, -0.37, -0.37]
						},
						"0.2083": {
							"vector": [0, -1, -1]
						},
						"0.5": {
							"vector": [0, -0.37, -0.37]
						}
					}
				},
				"right_leg": {
					"rotation": {
						"0.0": {
							"vector": [-61.18, 7.56, 15.7]
						},
						"0.0833": {
							"vector": [-75.73794, 10.07834, 20.93585]
						},
						"0.25": {
							"vector": [5.50718, 10.56231, -0.13131]
						},
						"0.5": {
							"vector": [-61.18, 7.56, 15.7]
						}
					}
				},
				"left_leg": {
					"rotation": {
						"0.0": {
							"vector": [-76.12322, -11.3035, -23.1489]
						},
						"0.25": {
							"vector": [3.61509, -11.25361, -5.96299]
						},
						"0.5": {
							"vector": [-76.12322, -11.3035, -23.1489]
						}
					}
				},
				"lower_body": {
					"rotation": {
						"0.0": {
							"vector": [46.25, 0, 0]
						},
						"0.2083": {
							"vector": [31.63, 0, 0]
						},
						"0.5": {
							"vector": [46.25, 0, 0]
						}
					}
				},
				"right_backleg": {
					"rotation": {
						"0.0": {
							"vector": [33.76, -3.74, -0.33]
						},
						"0.125": {
							"vector": [29.76228, -12.3071, 2.20462]
						},
						"0.25": {
							"vector": [-49.99925, 0.03364, -2.60057]
						},
						"0.3333": {
							"vector": [-24.57852, -1.22428, -0.17705]
						},
						"0.5": {
							"vector": [33.76, -3.74, -0.33]
						}
					},
					"position": {
						"0.0": {
							"vector": [0, 0, 0]
						},
						"0.125": {
							"vector": [0, 0, 0]
						},
						"0.25": {
							"vector": [0, -2, -1]
						},
						"0.3333": {
							"vector": [0, -3.33, -0.67]
						},
						"0.5": {
							"vector": [0, 0, 0]
						}
					}
				},
				"left_backleg": {
					"rotation": {
						"0.0": {
							"vector": [20.62, 1.83, -0.41]
						},
						"0.0417": {
							"vector": [27.48847, 2.4407, -0.54143]
						},
						"0.125": {
							"vector": [0, 0, 0]
						},
						"0.25": {
							"vector": [-52.5, 0, 0]
						},
						"0.3333": {
							"vector": [-38.12667, 0.61, -0.13667]
						},
						"0.5": {
							"vector": [20.62, 1.83, -0.41]
						}
					},
					"position": {
						"0.0": {
							"vector": [0, 0, 0]
						},
						"0.125": {
							"vector": [0, 0, 0]
						},
						"0.25": {
							"vector": [0, -1, 0]
						},
						"0.3333": {
							"vector": [0, -3, 0]
						},
						"0.5": {
							"vector": [0, 0, 0]
						}
					}
				},
				"right_forearm": {
					"rotation": {
						"0.0": {
							"vector": [-19.37, 26.25, 0]
						},
						"0.0417": {
							"vector": [-20, 35, 0]
						},
						"0.25": {
							"vector": [-6.11111, 19.44444, 0]
						},
						"0.5": {
							"vector": [-19.37, 26.25, 0]
						}
					}
				},
				"right_foot": {
					"rotation": {
						"0.0": {
							"vector": [-19.5, 0, 0]
						},
						"0.0833": {
							"vector": [-32.5, 0, 0]
						},
						"0.25": {
							"vector": [32.99634, -6.5323, 7.58809]
						},
						"0.5": {
							"vector": [-19.5, 0, 0]
						}
					}
				},
				"left_forearm": {
					"rotation": {
						"0.0": {
							"vector": [-20.37, -9.94, 8.59]
						},
						"0.0417": {
							"vector": [-17.15982, -13.25327, 11.45871]
						},
						"0.5": {
							"vector": [-20.37, -9.94, 8.59]
						}
					}
				},
				"left_foot": {
					"rotation": {
						"0.0": {
							"vector": [-19.5, 0, 0]
						},
						"0.0833": {
							"vector": [-32.5, 0, 0]
						},
						"0.2083": {
							"vector": [-55.21, 0, 0]
						},
						"0.25": {
							"vector": [30.94, 0, 0]
						},
						"0.5": {
							"vector": [-19.5, 0, 0]
						}
					}
				},
				"tail_1": {
					"rotation": {
						"0.0": {
							"vector": [0, 0, 45]
						},
						"0.125": {
							"vector": [0, 0, 0]
						},
						"0.2917": {
							"vector": [0, 0, -45]
						},
						"0.375": {
							"vector": [0, 0, 0]
						},
						"0.5": {
							"vector": [0, 0, 45]
						}
					}
				},
				"tail_2": {
					"rotation": {
						"0.0": {
							"vector": [0, -35, 0]
						},
						"0.125": {
							"vector": [0, 0, 0]
						},
						"0.2917": {
							"vector": [0, 35, 0]
						},
						"0.375": {
							"vector": [0, 0, 0]
						},
						"0.5": {
							"vector": [0, -35, 0]
						}
					}
				},
				"right_backfoot": {
					"rotation": {
						"0.0": {
							"vector": [60, 0, 0]
						},
						"0.0833": {
							"vector": [49.25, 0, 0]
						},
						"0.2083": {
							"vector": [4.19, 0, 0]
						},
						"0.25": {
							"vector": [9.17, 0, 0]
						},
						"0.3333": {
							"vector": [2.61, 0, 0]
						},
						"0.4167": {
							"vector": [43.81, 0, 0]
						},
						"0.5": {
							"vector": [60, 0, 0]
						}
					}
				},
				"left_backfoot": {
					"rotation": {
						"0.0": {
							"vector": [42.5, 0, 0]
						},
						"0.0833": {
							"vector": [31.75, 0, 0]
						},
						"0.2083": {
							"vector": [1, 0, 0]
						},
						"0.25": {
							"vector": [21.67, 0, 0]
						},
						"0.375": {
							"vector": [11.83, 0, 0]
						},
						"0.4167": {
							"vector": [39.55, 0, 0]
						},
						"0.5": {
							"vector": [42.5, 0, 0]
						}
					}
				},
				"hair": {
					"rotation": {
						"0.0": {
							"vector": [0, 0, 0]
						},
						"0.25": {
							"vector": [17.5, 0, 0]
						},
						"0.5": {
							"vector": [0, 0, 0]
						}
					},
					"position": {
						"0.0": {
							"vector": [0, 0, 0]
						},
						"0.25": {
							"vector": [0, 2, 1]
						},
						"0.5": {
							"vector": [0, 0, 0]
						}
					}
				}
			}
		},
		"attack.swing": {
			"animation_length": 0.375,
			"bones": {
				"upper_body": {
					"rotation": {
						"0.0": {
							"vector": [0, 0, 0]
						},
						"0.125": {
							"vector": [0, 25, 0]
						},
						"0.25": {
							"vector": [0, 0, 0]
						}
					}
				},
				"head": {
					"rotation": {
						"0.0": {
							"vector": [0, 0, 0]
						},
						"0.125": {
							"vector": [0, -25, 0]
						},
						"0.25": {
							"vector": [0, 0, 0]
						}
					}
				},
				"right_leg": {
					"rotation": {
						"0.0": {
							"vector": [0, 0, 0]
						},
						"0.125": {
							"vector": [55.53256, -32.48583, 31.31224]
						},
						"0.2083": {
							"vector": [-30.79309, 20.41979, 64.10234]
						},
						"0.25": {
							"vector": [-78.15546, -8.04608, 12.68671]
						},
						"0.375": {
							"vector": [0, 0, 0]
						}
					}
				},
				"right_forearm": {
					"rotation": {
						"0.0": {
							"vector": [0, 0, 0]
						},
						"0.125": {
							"vector": [-127.67529, 16.62174, -180]
						},
						"0.25": {
							"vector": [-61.14778, 58.42614, -100.14076]
						},
						"0.375": {
							"vector": [0, 0, 0]
						}
					}
				}
			}
		}
	},
	"geckolib_format_version": 2
}