{
	"format_version": "1.8.0",
	"animations": {
		"move.run": {
			"loop": true,
			"animation_length": 0.5,
			"bones": {
				"body": {
					"rotation": {
						"0.0": {
							"vector": [35, 0, 0]
						},
						"0.5": {
							"vector": [35, 0, 0]
						}
					},
					"position": {
						"0.0": {
							"vector": [0, -7.5, 14]
						},
						"0.125": {
							"vector": [0, 2.5, 14]
						},
						"0.25": {
							"vector": [0, 0, 14]
						},
						"0.5": {
							"vector": [0, -7.5, 14]
						}
					}
				},
				"head": {
					"rotation": {
						"0.0": {
							"vector": [-35, 0, 0]
						},
						"0.5": {
							"vector": [-35, 0, 0]
						}
					}
				},
				"right_leg": {
					"rotation": {
						"0.0": {
							"vector": [-91.16923, 13.6562, 15.0969]
						},
						"0.25": {
							"vector": [1.33077, -13.6562, -15.09688]
						},
						"0.5": {
							"vector": [-91.16923, 13.6562, 15.0969]
						}
					}
				},
				"right_forearm": {
					"rotation": {
						"0.0": {
							"vector": [5.05866, 34.0655, -2.0546]
						},
						"0.125": {
							"vector": [-34.94134, 34.0655, 2.05458]
						},
						"0.5": {
							"vector": [5.05866, 34.0655, 2.05458]
						}
					}
				},
				"left_leg": {
					"rotation": {
						"0.0": {
							"vector": [-91.16923, -13.6562, -15.09688]
						},
						"0.25": {
							"vector": [1.33077, 13.6562, 15.0969]
						},
						"0.5": {
							"vector": [-91.16923, -13.6562, -15.09688]
						}
					}
				},
				"left_forearm": {
					"rotation": {
						"0.0": {
							"vector": [5.05866, -34.0655, 2.05458]
						},
						"0.125": {
							"vector": [-34.94134, -34.0655, -15.0969]
						},
						"0.5": {
							"vector": [5.05866, -34.0655, 2.05458]
						}
					}
				},
				"lower_body": {
					"rotation": {
						"0.0": {
							"vector": [15, 0, 0]
						},
						"0.5": {
							"vector": [15, 0, 0]
						}
					}
				},
				"tail_1": {
					"rotation": {
						"0.0": {
							"vector": [0, 0, 0]
						},
						"0.125": {
							"vector": [0, -25, 0]
						},
						"0.25": {
							"vector": [0, 0, 0]
						},
						"0.375": {
							"vector": [0, 25, 0]
						},
						"0.5": {
							"vector": [0, 0, 0]
						}
					}
				},
				"tail_2": {
					"rotation": {
						"0.0": {
							"vector": [0, 0, 0]
						},
						"0.125": {
							"vector": [0, -35, 0]
						},
						"0.25": {
							"vector": [0, 0, 0]
						},
						"0.375": {
							"vector": [0, 35, 0]
						},
						"0.5": {
							"vector": [0, 0, 0]
						}
					}
				},
				"tail_3": {
					"rotation": {
						"0.0": {
							"vector": [0, 0, 0]
						},
						"0.125": {
							"vector": [0, -25, 0]
						},
						"0.25": {
							"vector": [0, 0, 0]
						},
						"0.375": {
							"vector": [0, 25, 0]
						},
						"0.5": {
							"vector": [0, 0, 0]
						}
					}
				},
				"right_backleg": {
					"rotation": {
						"0.0": {
							"vector": [-50, 0, 0]
						},
						"0.25": {
							"vector": [17.5, 0, 0]
						},
						"0.5": {
							"vector": [-50, 0, 0]
						}
					}
				},
				"left_backleg": {
					"rotation": {
						"0.0": {
							"vector": [-50, 0, 0]
						},
						"0.25": {
							"vector": [17.5, 0, 0]
						},
						"0.5": {
							"vector": [-50, 0, 0]
						}
					}
				}
			}
		}
	},
	"geckolib_format_version": 2
}