{
	"format_version": "1.8.0",
	"animations": {
		"move.run": {
			"loop": true,
			"animation_length": 0.83333,
			"bones": {
				"body": {
					"rotation": {
						"0.0": {
							"vector": [37.52635, 1.98315, 1.52251]
						},
						"0.4167": {
							"vector": [37.52635, -1.98315, -1.52251]
						},
						"0.8333": {
							"vector": [37.52635, 1.98315, 1.52251]
						}
					},
					"position": {
						"0.0": {
							"vector": [0, -1, 10]
						},
						"0.0833": {
							"vector": [0, 2.72, 10]
						},
						"0.2083": {
							"vector": [0, 2, 10]
						},
						"0.4167": {
							"vector": [0, -1, 10]
						},
						"0.5": {
							"vector": [0, 2.67, 10]
						},
						"0.625": {
							"vector": [0, 2, 10]
						},
						"0.8333": {
							"vector": [0, -1, 10]
						}
					}
				},
				"upper_body": {
					"rotation": {
						"0.0": {
							"vector": [0, -25, 0]
						},
						"0.2083": {
							"vector": [0, 11.25, 0]
						},
						"0.4167": {
							"vector": [0, 25, 0]
						},
						"0.625": {
							"vector": [0, -13, 0]
						},
						"0.8333": {
							"vector": [0, -25, 0]
						}
					}
				},
				"right_arm": {
					"rotation": {
						"0.0": {
							"vector": [-36.75999, -21.02352, 16.23122]
						},
						"0.4167": {
							"vector": [0, 0, 0]
						},
						"0.8333": {
							"vector": [-36.75999, -21.02352, 16.23122]
						}
					}
				},
				"right_forearm": {
					"rotation": {
						"0.0": {
							"vector": [-90, 0, 0]
						},
						"0.4167": {
							"vector": [0, 0, 0]
						},
						"0.8333": {
							"vector": [-90, 0, 0]
						}
					}
				},
				"left_arm": {
					"rotation": {
						"0.0": {
							"vector": [0, 0, 0]
						},
						"0.4167": {
							"vector": [-36.75999, 21.0235, -16.2312]
						},
						"0.8333": {
							"vector": [0, 0, 0]
						}
					}
				},
				"left_forearm": {
					"rotation": {
						"0.0": {
							"vector": [0, 0, 0]
						},
						"0.4167": {
							"vector": [-90, 0, 0]
						},
						"0.8333": {
							"vector": [0, 0, 0]
						}
					}
				},
				"head": {
					"rotation": {
						"0.0": {
							"vector": [-26.76464, 13.1567, -7.2687]
						},
						"0.4167": {
							"vector": [-26.76464, -13.1567, 7.2687]
						},
						"0.8333": {
							"vector": [-26.76464, 13.1567, -7.2687]
						}
					}
				},
				"right_leg": {
					"rotation": {
						"0.0": {
							"vector": [16.42464, -14.39192, 7.5251]
						},
						"0.2083": {
							"vector": [-69.59176, 0.22893, -0.58924]
						},
						"0.4167": {
							"vector": [-82.60005, 4.87547, 1.84346]
						},
						"0.5": {
							"vector": [-55.31545, 0.3862, -0.57764]
						},
						"0.625": {
							"vector": [3.59494, -9.93152, -1.17999]
						},
						"0.8333": {
							"vector": [16.42464, -14.39192, 7.5251]
						}
					}
				},
				"right_knee": {
					"rotation": {
						"0.0": {
							"vector": [85, 0, 0]
						},
						"0.2083": {
							"vector": [100, 0, 0]
						},
						"0.4167": {
							"vector": [0, 0, 0]
						},
						"0.5": {
							"vector": [15, 0, 0]
						},
						"0.625": {
							"vector": [0, 0, 0]
						},
						"0.8333": {
							"vector": [85, 0, 0]
						}
					}
				},
				"left_leg": {
					"rotation": {
						"0.0": {
							"vector": [-82.82055, -5.04693, -0.05669]
						},
						"0.0833": {
							"vector": [-49.80642, 0.04164, -2.05936]
						},
						"0.2083": {
							"vector": [3.59494, 9.9315, 1.18]
						},
						"0.4167": {
							"vector": [7.47178, 0.65182, -4.95744]
						},
						"0.5": {
							"vector": [-20.3265, 5.50796, 0.90862]
						},
						"0.625": {
							"vector": [-63.17209, -1.18494, -2.88434]
						},
						"0.8333": {
							"vector": [-82.82055, -5.04693, -0.05669]
						}
					}
				},
				"left_knee": {
					"rotation": {
						"0.0": {
							"vector": [0, 0, 0]
						},
						"0.2083": {
							"vector": [0, 0, 0]
						},
						"0.4167": {
							"vector": [92.5, 0, 0]
						},
						"0.625": {
							"vector": [107.5, 0, 0]
						},
						"0.8333": {
							"vector": [0, 0, 0]
						}
					}
				}
			}
		}
	},
	"geckolib_format_version": 2
}