{
	"format_version": "1.8.0",
	"animations": {
		"misc.idle": {
			"loop": true,
			"animation_length": 1,
			"bones": {
				"upper_body": {
					"position": {
						"0.0": {
							"vector": [0, 0, 0]
						},
						"0.5": {
							"vector": [0, -1, 0]
						},
						"1.0": {
							"vector": [0, 0, 0]
						}
					}
				}
			}
		},
		"misc.idle.fly": {
			"loop": true,
			"animation_length": 1,
			"bones": {
				"body": {
					"rotation": {
						"0.0": {
							"vector": [7.5, 0, 0]
						},
						"0.5": {
							"vector": [2.5, 0, 0]
						},
						"1.0": {
							"vector": [7.5, 0, 0]
						}
					},
					"position": {
						"0.0": {
							"vector": [0, 0, 0]
						},
						"0.5": {
							"vector": [0, 5, 0]
						},
						"1.0": {
							"vector": [0, 0, 0]
						}
					}
				},
				"lower_body": {
					"rotation": {
						"0.0": {
							"vector": [0, 0, 0]
						},
						"0.5": {
							"vector": [-7.5, 0, 0]
						},
						"0.7917": {
							"vector": [0, 0, 0]
						}
					}
				},
				"right_leg": {
					"rotation": {
						"0.0": {
							"vector": [0, 0, 0]
						},
						"0.5833": {
							"vector": [-22.5, 0, 0]
						},
						"0.9583": {
							"vector": [0, 0, 0]
						}
					}
				},
				"left_leg": {
					"rotation": {
						"0.0": {
							"vector": [0, 0, 0]
						},
						"0.5833": {
							"vector": [-22.5, 0, 0]
						},
						"0.9583": {
							"vector": [0, 0, 0]
						}
					}
				},
				"left_wing": {
					"rotation": {
						"0.0": {
							"vector": [-44.32631, -22.79354, -112.60768]
						},
						"0.5833": {
							"vector": [-25.94889, 62.02256, -18.97991]
						},
						"1.0": {
							"vector": [-44.32631, -22.79354, -112.60768]
						}
					},
					"position": {
						"vector": [-1, -1, 40]
					}
				},
				"left_wing_tip": {
					"rotation": {
						"0.0": {
							"vector": [0.01812, -34.99909, -30.25693]
						},
						"0.5": {
							"vector": [0.02135, -32.49913, -30.24153]
						},
						"0.5833": {
							"vector": [0, 0, -30]
						},
						"0.9167": {
							"vector": [0.00834, -2.99995, -30.01991]
						},
						"1.0": {
							"vector": [0.01812, -34.99909, -30.25693]
						}
					}
				},
				"right_wing": {
					"rotation": {
						"0.0": {
							"vector": [-44.32631, 22.7935, 112.6077]
						},
						"0.5833": {
							"vector": [-25.94889, -62.0226, 18.9799]
						},
						"1.0": {
							"vector": [-44.32631, 22.7935, 112.6077]
						}
					},
					"position": {
						"vector": [1, -1, 40]
					}
				},
				"right_wing_tip": {
					"rotation": {
						"0.0": {
							"vector": [0.01812, 34.9991, 30.2569]
						},
						"0.5": {
							"vector": [0.02135, 32.4991, 30.2415]
						},
						"0.5833": {
							"vector": [0, 0, 30]
						},
						"0.9167": {
							"vector": [0.00834, 3, 30.0199]
						},
						"1.0": {
							"vector": [0.01812, 34.9991, 30.2569]
						}
					}
				},
				"serpent_body_1": {
					"rotation": {
						"0.0": {
							"vector": [-10, 0, 0]
						},
						"0.4167": {
							"vector": [-12.5, 0, 0]
						},
						"1.0": {
							"vector": [-10, 0, 0]
						}
					}
				},
				"serpent_body_2": {
					"rotation": {
						"0.0": {
							"vector": [-82.9443, -58.91209, 113.95529]
						},
						"0.4583": {
							"vector": [-90.4443, -58.91209, 113.95529]
						},
						"1.0": {
							"vector": [-82.9443, -58.91209, 113.95529]
						}
					}
				},
				"serpent_head": {
					"rotation": {
						"0.0": {
							"vector": [-9.76853, -44.07215, 70.24398]
						},
						"0.5": {
							"vector": [-24.76853, -44.07215, 70.24398]
						},
						"1.0": {
							"vector": [-9.76853, -44.07215, 70.24398]
						}
					}
				}
			}
		},
		"move.fly": {
			"loop": true,
			"animation_length": 0.58333,
			"bones": {
				"body": {
					"rotation": {
						"0.0": {
							"vector": [55, 0, 0]
						},
						"0.25": {
							"vector": [75, 0, 0]
						},
						"0.5833": {
							"vector": [55, 0, 0]
						}
					},
					"position": {
						"0.0": {
							"vector": [0, 0, -10]
						},
						"0.1667": {
							"vector": [0, 5, -10]
						},
						"0.5833": {
							"vector": [0, 0, -10]
						}
					}
				},
				"upper_body": {
					"rotation": {
						"vector": [-25, 0, 0]
					}
				},
				"head": {
					"rotation": {
						"0.0": {
							"vector": [-35, 0, 0]
						},
						"0.25": {
							"vector": [-52.5, 0, 0]
						},
						"0.5417": {
							"vector": [-35, 0, 0]
						}
					}
				},
				"lower_body": {
					"rotation": {
						"0.0": {
							"vector": [-15, 0, 0]
						},
						"0.25": {
							"vector": [-7.5, 0, 0]
						},
						"0.5833": {
							"vector": [-15, 0, 0]
						}
					},
					"position": {
						"vector": [0, 0, 1]
					}
				},
				"right_leg": {
					"rotation": {
						"0.0": {
							"vector": [-70, 0, 0]
						},
						"0.2917": {
							"vector": [-50, 0, 0]
						},
						"0.5833": {
							"vector": [-70, 0, 0]
						}
					}
				},
				"left_leg": {
					"rotation": {
						"0.0": {
							"vector": [-70, 0, 0]
						},
						"0.2917": {
							"vector": [-50, 0, 0]
						},
						"0.5833": {
							"vector": [-70, 0, 0]
						}
					}
				},
				"left_wing": {
					"rotation": {
						"0.0": {
							"vector": [-44.32631, -22.79354, -112.60768]
						},
						"0.25": {
							"vector": [-38.20888, 80.58997, -40.28726]
						},
						"0.5833": {
							"vector": [-44.32631, -22.79354, -112.60768]
						}
					},
					"position": {
						"vector": [-1, -1, 40]
					}
				},
				"left_wing_tip": {
					"rotation": {
						"0.0": {
							"vector": [-0.84269, -32.49923, -30.09508]
						},
						"0.1667": {
							"vector": [0.01895, -21.66607, -32.6592]
						},
						"0.25": {
							"vector": [0.02538, 9.99972, -32.42092]
						},
						"0.5": {
							"vector": [0.02392, 0.62492, -32.48732]
						},
						"0.5833": {
							"vector": [-0.84269, -32.49923, -30.09508]
						}
					}
				},
				"right_wing": {
					"rotation": {
						"0.0": {
							"vector": [-44.32631, 22.7935, 112.6077]
						},
						"0.25": {
							"vector": [-38.20888, -80.59, 40.2873]
						},
						"0.5833": {
							"vector": [-44.32631, 22.7935, 112.6077]
						}
					},
					"position": {
						"vector": [1, -1, 40]
					}
				},
				"right_wing_tip": {
					"rotation": {
						"0.0": {
							"vector": [-0.84269, 32.4992, 30.0951]
						},
						"0.1667": {
							"vector": [0.01895, 21.6661, 32.6592]
						},
						"0.25": {
							"vector": [0.02538, -9.9997, 32.4209]
						},
						"0.5": {
							"vector": [0.02392, -0.6249, 32.4873]
						},
						"0.5833": {
							"vector": [-0.84269, 32.4992, 30.0951]
						}
					}
				},
				"serpent_body_1": {
					"rotation": {
						"0.0": {
							"vector": [-5, 0, 0]
						},
						"0.25": {
							"vector": [-12.5, 0, 0]
						},
						"0.4167": {
							"vector": [-11.25, 0, 0]
						},
						"0.5833": {
							"vector": [-5, 0, 0]
						}
					}
				},
				"serpent_body_2": {
					"rotation": {
						"0.0": {
							"vector": [-62.943, 24.27324, 7.91842]
						},
						"0.25": {
							"vector": [-72.943, 24.27324, 7.91842]
						},
						"0.4167": {
							"vector": [-40.44, 24.27, 7.92]
						},
						"0.5833": {
							"vector": [-62.943, 24.27324, 7.91842]
						}
					}
				},
				"serpent_head": {
					"rotation": {
						"0.0": {
							"vector": [-0.43314, -15.60573, 8.20773]
						},
						"0.25": {
							"vector": [-15.43314, -15.60573, 8.20773]
						},
						"0.4167": {
							"vector": [15.81686, -15.60573, 8.20773]
						},
						"0.5833": {
							"vector": [-0.43314, -15.60573, 8.20773]
						}
					}
				}
			}
		},
		"misc.flight_feet": {
			"loop": true,
			"bones": {
				"right_foot": {
					"rotation": {
						"vector": [50, 0, 0]
					}
				},
				"left_foot": {
					"rotation": {
						"vector": [50, 0, 0]
					}
				},
				"right_leg": {
					"rotation": {
						"vector": [15, 0, 0]
					}
				},
				"left_leg": {
					"rotation": {
						"vector": [15, 0, 0]
					}
				}
			}
		},