{
	"format_version": "1.8.0",
	"animations": {
		"misc.idle": {
			"loop": true,
			"animation_length": 0.625,
			"bones": {
				"body": {
					"rotation": {
						"0.0": {
							"vector": [7.5, 0, 0]
						},
						"0.1667": {
							"vector": [2.5, 0, 0]
						},
						"0.5833": {
							"vector": [7.5, 0, 0]
						}
					},
					"position": {
						"0.0": {
							"vector": [0, 0, 0]
						},
						"0.1667": {
							"vector": [0, 5, 0]
						},
						"0.5833": {
							"vector": [0, 0, 0]
						}
					}
				},
				"lower_body": {
					"rotation": {
						"0.0": {
							"vector": [0, 0, 0]
						},
						"0.1667": {
							"vector": [-7.5, 0, 0]
						},
						"0.375": {
							"vector": [0, 0, 0]
						}
					}
				},
				"left_leg": {
					"rotation": {
						"0.0": {
							"vector": [0, 0, 0]
						},
						"0.2083": {
							"vector": [-15, 0, 0]
						},
						"0.5833": {
							"vector": [0, 0, 0]
						}
					}
				},
				"left_foot": {
					"rotation": {
						"vector": [30, 0, 0]
					}
				},
				"right_leg": {
					"rotation": {
						"0.0": {
							"vector": [0, 0, 0]
						},
						"0.25": {
							"vector": [-22.5, 0, 0]
						},
						"0.5417": {
							"vector": [0, 0, 0]
						}
					}
				},
				"right_foot": {
					"rotation": {
						"vector": [32.5, 0, 0]
					}
				},
				"right_wing_1": {
					"rotation": {
						"0.0": {
							"vector": [-76.73302, 28.04882, 97.48269]
						},
						"0.25": {
							"vector": [-23.32156, -66.5382, 10.76724]
						},
						"0.5833": {
							"vector": [-76.73302, 28.04882, 97.48269]
						}
					},
					"position": {
						"0.0": {
							"vector": [0, 0, 3]
						},
						"0.25": {
							"vector": [0, 0, 2]
						},
						"0.5833": {
							"vector": [0, 0, 3]
						}
					}
				},
				"right_wing_2": {
					"rotation": {
						"0.0": {
							"vector": [0, 15, 0]
						},
						"0.1667": {
							"vector": [0, 3.75, 0]
						},
						"0.3333": {
							"vector": [0, -10, 0]
						},
						"0.5833": {
							"vector": [0, 15, 0]
						}
					}
				},
				"right_wing_3": {
					"rotation": {
						"0.0": {
							"vector": [18.6074, -0.88506, 86.27746]
						},
						"0.3333": {
							"vector": [18.59639, -35.88023, 87.12008]
						},
						"0.5833": {
							"vector": [18.6074, -0.88506, 86.27746]
						}
					}
				},
				"left_wing_1": {
					"rotation": {
						"0.0": {
							"vector": [-76.73302, -28.0488, -97.4827]
						},
						"0.25": {
							"vector": [-23.32156, 66.5382, -10.7672]
						},
						"0.5833": {
							"vector": [-76.73302, -28.0488, -97.4827]
						}
					},
					"position": {
						"0.0": {
							"vector": [0, 0, 3]
						},
						"0.25": {
							"vector": [0, 0, 2]
						},
						"0.5833": {
							"vector": [0, 0, 3]
						}
					}
				},
				"left_wing_2": {
					"rotation": {
						"0.0": {
							"vector": [0, -15, 0]
						},
						"0.1667": {
							"vector": [0, -3.75, 0]
						},
						"0.3333": {
							"vector": [0, 10, 0]
						},
						"0.5833": {
							"vector": [0, -15, 0]
						}
					}
				},
				"left_wing_3": {
					"rotation": {
						"0.0": {
							"vector": [18.6074, 0.8851, -86.2775]
						},
						"0.3333": {
							"vector": [18.59639, 35.8802, -87.1201]
						},
						"0.5833": {
							"vector": [18.6074, 0.8851, -86.2775]
						}
					}
				}
			}
		},
		"move.fly": {
			"loop": true,
			"animation_length": 0.625,
			"bones": {
				"body": {
					"rotation": {
						"0.0": {
							"vector": [75, 0, 0]
						},
						"0.125": {
							"vector": [75, 0, 0]
						},
						"0.3333": {
							"vector": [70, 0, 0]
						},
						"0.5833": {
							"vector": [75, 0, 0]
						}
					},
					"position": {
						"0.0": {
							"vector": [0, 0, 0]
						},
						"0.1667": {
							"vector": [0, 5, 0]
						},
						"0.5833": {
							"vector": [0, 0, 0]
						}
					}
				},
				"head": {
					"rotation": {
						"vector": [-52.5, 0, 0]
					}
				},
				"lower_body": {
					"rotation": {
						"0.0": {
							"vector": [0, 0, 0]
						},
						"0.1667": {
							"vector": [-7.5, 0, 0]
						},
						"0.375": {
							"vector": [0, 0, 0]
						}
					}
				},
				"left_leg": {
					"rotation": {
						"0.0": {
							"vector": [-70, 0, 0]
						},
						"0.2917": {
							"vector": [-50, 0, 0]
						},
						"0.5833": {
							"vector": [-70, 0, 0]
						}
					}
				},
				"left_foot": {
					"rotation": {
						"vector": [30, 0, 0]
					}
				},
				"right_leg": {
					"rotation": {
						"0.0": {
							"vector": [-70, 0, 0]
						},
						"0.2917": {
							"vector": [-50, 0, 0]
						},
						"0.5833": {
							"vector": [-70, 0, 0]
						}
					}
				},
				"right_foot": {
					"rotation": {
						"vector": [32.5, 0, 0]
					}
				},
				"right_wing_1": {
					"rotation": {
						"0.0": {
							"vector": [-76.73302, 28.04882, 97.48269]
						},
						"0.25": {
							"vector": [-23.32156, -66.5382, 10.76724]
						},
						"0.5833": {
							"vector": [-76.73302, 28.04882, 97.48269]
						}
					},
					"position": {
						"0.0": {
							"vector": [0, 0, 3]
						},
						"0.25": {
							"vector": [0, 0, 2]
						},
						"0.5833": {
							"vector": [0, 0, 3]
						}
					}
				},
				"right_wing_2": {
					"rotation": {
						"0.0": {
							"vector": [0, 15, 0]
						},
						"0.1667": {
							"vector": [0, 3.75, 0]
						},
						"0.3333": {
							"vector": [0, -10, 0]
						},
						"0.5833": {
							"vector": [0, 15, 0]
						}
					}
				},
				"right_wing_3": {
					"rotation": {
						"0.0": {
							"vector": [18.6074, -0.88506, 86.27746]
						},
						"0.3333": {
							"vector": [18.59639, -35.88023, 87.12008]
						},
						"0.5833": {
							"vector": [18.6074, -0.88506, 86.27746]
						}
					}
				},
				"left_wing_1": {
					"rotation": {
						"0.0": {
							"vector": [-76.73302, -28.0488, -97.4827]
						},
						"0.25": {
							"vector": [-23.32156, 66.5382, -10.7672]
						},
						"0.5833": {
							"vector": [-76.73302, -28.0488, -97.4827]
						}
					},
					"position": {
						"0.0": {
							"vector": [0, 0, 3]
						},
						"0.25": {
							"vector": [0, 0, 2]
						},
						"0.5833": {
							"vector": [0, 0, 3]
						}
					}
				},
				"left_wing_2": {
					"rotation": {
						"0.0": {
							"vector": [0, -15, 0]
						},
						"0.1667": {
							"vector": [0, -3.75, 0]
						},
						"0.3333": {
							"vector": [0, 10, 0]
						},
						"0.5833": {
							"vector": [0, -15, 0]
						}
					}
				},
				"left_wing_3": {
					"rotation": {
						"0.0": {
							"vector": [18.6074, 0.8851, -86.2775]
						},
						"0.3333": {
							"vector": [18.59639, 35.8802, -87.1201]
						},
						"0.5833": {
							"vector": [18.6074, 0.8851, -86.2775]
						}
					}
				},
				"upper_body": {
					"rotation": {
						"vector": [-25, 0, 0]
					}
				}
			}
		},
		"attack.shock": {
			"animation_length": 0.625,
			"bones": {
				"body": {
					"rotation": {
						"0.0": {
							"vector": [75, 0, 0]
						},
						"0.0833": {
							"vector": [60, 0, 0]
						},
						"0.1667": {
							"vector": [3.86, 0, 0]
						},
						"0.25": {
							"vector": [3.86, 0, 0]
						},
						"0.4583": {
							"vector": [75, 0, 0]
						}
					},
					"position": {
						"0.0": {
							"vector": [0, 0, 0]
						},
						"0.1667": {
							"vector": [0, 5, 14]
						},
						"0.25": {
							"vector": [0, 5, 14]
						},
						"0.4583": {
							"vector": [0, 0, 0]
						}
					}
				},
				"head": {
					"rotation": {
						"0.0": {
							"vector": [-52.5, 0, 0]
						},
						"0.1667": {
							"vector": [2.5, 0, 0]
						},
						"0.4583": {
							"vector": [-52.5, 0, 0]
						}
					}
				},
				"lower_body": {
					"rotation": {
						"0.0": {
							"vector": [0, 0, 0]
						},
						"0.1667": {
							"vector": [-7.5, 0, 0]
						},
						"0.25": {
							"vector": [0, 0, 0]
						}
					}
				},
				"left_leg": {
					"rotation": {
						"0.0": {
							"vector": [0, 0, 0]
						},