{
	"format_version": "1.8.0",
	"animations": {
		"move.fly": {
			"loop": true,
			"animation_length": 1,
			"bones": {
				"right_wing": {
					"rotation": {
						"0.0": {
							"vector": [57.30913, -94.02156, -41.94781]
						},
						"0.1667": {
							"vector": [9.62811, -54.15475, 18.82432]
						},
						"0.5": {
							"vector": [34.25622, 4.19051, 37.64864]
						},
						"0.625": {
							"vector": [35.69216, -24.98212, 28.23648]
						},
						"1.0": {
							"vector": [57.30913, -94.02156, -41.94781]
						}
					},
					"position": {
						"0.0": {
							"vector": [-2, 0, 1]
						},
						"0.5": {
							"vector": [0, 0, -1]
						},
						"1.0": {
							"vector": [-2, 0, 1]
						}
					}
				},
				"right_wing_tip": {
					"rotation": {
						"0.0": {
							"vector": [0, -27.5, 65]
						},
						"0.2917": {
							"vector": [0, -21.67, 65]
						},
						"0.5": {
							"vector": [0, 22.5, 65]
						},
						"0.875": {
							"vector": [0, 13.75, 65]
						},
						"1.0": {
							"vector": [0, -27.5, 65]
						}
					}
				},
				"left_wing": {
					"rotation": {
						"0.0": {
							"vector": [57.30913, 94.0216, 41.9478]
						},
						"0.1667": {
							"vector": [9.62811, 54.1547, -18.8243]
						},
						"0.5": {
							"vector": [34.25622, -4.1905, -37.6486]
						},
						"0.625": {
							"vector": [35.69216, 24.9821, -28.2365]
						},
						"1.0": {
							"vector": [57.30913, 94.0216, 41.9478]
						}
					},
					"position": {
						"0.0": {
							"vector": [2, 0, 1]
						},
						"0.5": {
							"vector": [0, 0, -1]
						},
						"1.0": {
							"vector": [2, 0, 1]
						}
					}
				},
				"left_wing_tip": {
					"rotation": {
						"0.0": {
							"vector": [0, 27.5, -65]
						},
						"0.2917": {
							"vector": [0, 21.67, -65]
						},
						"0.5": {
							"vector": [0, -22.5, -65]
						},
						"0.875": {
							"vector": [0, -13.75, -65]
						},
						"1.0": {
							"vector": [0, 27.5, -65]
						}
					}
				}
			}
		},
		"move.fly_vertical": {
			"loop": true,
			"animation_length": 0.91667,
			"bones": {
				"right_wing": {
					"rotation": {
						"0.0": {
							"vector": [50, -27.5, 0]
						},
						"0.1667": {
							"vector": [55.42376, -15.55953, 16.38153]
						},
						"0.4167": {
							"vector": [63.55941, 2.35118, 40.95382]
						},
						"0.9167": {
							"vector": [50, -27.5, 0]
						}
					},
					"position": {
						"0.0": {
							"vector": [0, 0, 0.6]
						},
						"0.9167": {
							"vector": [0, 0, 0.6]
						}
					}
				},
				"right_wing_mid": {
					"rotation": {
						"0.0": {
							"vector": [0, -62.5, 0]
						},
						"0.1667": {
							"vector": [0, -28.75, 0]
						},
						"0.4167": {
							"vector": [0, 15, 0]
						},
						"0.6667": {
							"vector": [2.5, 8.75, 0]
						},
						"0.9167": {
							"vector": [0, -62.5, 0]
						}
					}
				},
				"right_wing_tip": {
					"rotation": {
						"0.0": {
							"vector": [0, -27.5, 50]
						},
						"0.25": {
							"vector": [0, -13.33333, 50]
						},
						"0.4167": {
							"vector": [0, 27.5, 50]
						},
						"0.7083": {
							"vector": [0, 20, 50]
						},
						"0.9167": {
							"vector": [0, -27.5, 50]
						}
					}
				},
				"left_wing": {
					"rotation": {
						"0.0": {
							"vector": [50, 27.5, 0]
						},
						"0.1667": {
							"vector": [73.42376, 15.55952, -16.38152]
						},
						"0.4167": {
							"vector": [63.55941, -2.3512, -40.9538]
						},
						"0.9167": {
							"vector": [50, 27.5, 0]
						}
					},
					"position": {
						"0.0": {
							"vector": [0, 0, 0.6]
						},
						"0.9167": {
							"vector": [0, 0, 0.6]
						}
					}
				},
				"left_wing_mid": {
					"rotation": {
						"0.0": {
							"vector": [0, 62.5, 0]
						},
						"0.1667": {
							"vector": [0, 28.75, 0]
						},
						"0.4167": {
							"vector": [0, -15, 0]
						},
						"0.6667": {
							"vector": [2.5, -8.75, 0]
						},
						"0.9167": {
							"vector": [0, 62.5, 0]
						}
					}
				},
				"left_wing_tip": {
					"rotation": {
						"0.0": {
							"vector": [0, 27.5, -50]
						},
						"0.25": {
							"vector": [0, 13.3333, -50]
						},
						"0.4167": {
							"vector": [0, -27.5, -50]
						},
						"0.7083": {
							"vector": [0, -20, -50]
						},
						"0.9167": {
							"vector": [0, 27.5, -50]
						}
					}
				}
			}
		},
		"move.fly_horizontal": {
			"loop": true,
			"animation_length": 1,
			"bones": {
				"right_wing": {
					"rotation": {
						"0.0": {
							"vector": [0, -27.5, 0]
						},
						"0.5": {
							"vector": [11.57881, 9.2385, 13.76772]
						},
						"1.0": {
							"vector": [0, -27.5, 0]
						}
					}
				},
				"right_wing_mid": {
					"rotation": {
						"0.0": {
							"vector": [0, -47.5, 0]
						},
						"0.25": {
							"vector": [0, -28.75, 0]
						},
						"0.5": {
							"vector": [0, 15, 0]
						},
						"0.75": {
							"vector": [2.5, 8.75, 0]
						},
						"1.0": {
							"vector": [0, -47.5, 0]
						}
					}
				},
				"right_wing_tip": {
					"rotation": {
						"0.0": {
							"vector": [0, -27.5, 50]
						},
						"0.3333": {
							"vector": [0, -13.33333, 50]
						},
						"0.5": {
							"vector": [0, 27.5, 50]
						},
						"0.7917": {
							"vector": [0, 20, 50]
						},
						"1.0": {
							"vector": [0, -27.5, 50]
						}
					}
				},
				"left_wing": {
					"rotation": {
						"0.0": {
							"vector": [0, 27.5, 0]
						},
						"0.5": {
							"vector": [11.57881, -9.2385, -13.7677]
						},
						"1.0": {
							"vector": [0, 27.5, 0]
						}
					}
				},
				"left_wing_mid": {
					"rotation": {
						"0.0": {
							"vector": [0, 47.5, 0]
						},
						"0.25": {
							"vector": [0, 28.75, 0]
						},
						"0.5": {
							"vector": [0, -15, 0]
						},
						"0.75": {
							"vector": [2.5, -8.75, 0]
						},
						"1.0": {
							"vector": [0, 47.5, 0]
						}
					}
				},
				"left_wing_tip": {
					"rotation": {
						"0.0": {
							"vector": [0, 27.5, -50]
						},
						"0.3333": {
							"vector": [0, 13.3333, -50]
						},
						"0.5": {
							"vector": [0, -27.5, -50]
						},
						"0.7917": {
							"vector": [0, -20, -50]
						},
						"1.0": {
							"vector": [0, 27.5, -50]
						}
					}
				}
			}
		}
	},
	"geckolib_format_version": 2
}