{
	"format_version": "1.8.0",
	"animations": {
		"move.fly": {
			"loop": true,
			"animation_length": 1,
			"bones": {
				"right_wing": {
					"rotation": {
						"0.0": {
							"vector": [57.30913, -94.02156, -41.94781]
						},
						"0.1667": {
							"vector": [9.62811, -54.15475, 18.82432]
						},
						"0.5": {
							"vector": [34.25622, 4.19051, 37.64864]
						},
						"0.625": {
							"vector": [35.69216, -24.98212, 28.23648]
						},
						"1.0": {
							"vector": [57.30913, -94.02156, -41.94781]
						}
					},
					"position": {
						"0.0": {
							"vector": [-2, 0, 1]
						},
						"0.5": {
							"vector": [0, 0, -1]
						},
						"1.0": {
							"vector": [-2, 0, 1]
						}
					}
				},
				"right_wing_tip": {
					"rotation": {
						"0.0": {
							"vector": [0, -27.5, 65]
						},
						"0.2917": {
							"vector": [0, -21.67, 65]
						},
						"0.5": {
							"vector": [0, 22.5, 65]
						},
						"0.875": {
							"vector": [0, 13.75, 65]
						},
						"1.0": {
							"vector": [0, -27.5, 65]
						}
					}
				},
				"left_wing": {
					"rotation": {
						"0.0": {
							"vector": [57.30913, 94.0216, 41.9478]
						},
						"0.1667": {
							"vector": [9.62811, 54.1547, -18.8243]
						},
						"0.5": {
							"vector": [34.25622, -4.1905, -37.6486]
						},
						"0.625": {
							"vector": [35.69216, 24.9821, -28.2365]
						},
						"1.0": {
							"vector": [57.30913, 94.0216, 41.9478]
						}
					},
					"position": {
						"0.0": {
							"vector": [2, 0, 1]
						},
						"0.5": {
							"vector": [0, 0, -1]
						},
						"1.0": {
							"vector": [2, 0, 1]
						}
					}
				},
				"left_wing_tip": {
					"rotation": {
						"0.0": {
							"vector": [0, 27.5, -65]
						},
						"0.2917": {
							"vector": [0, 21.67, -65]
						},
						"0.5": {
							"vector": [0, -22.5, -65]
						},
						"0.875": {
							"vector": [0, -13.75, -65]
						},
						"1.0": {
							"vector": [0, 27.5, -65]
						}
					}
				}
			}
		},
		"move.fly_vertical": {
			"loop": true,
			"animation_length": 1,
			"bones": {
				"RightWing": {
					"rotation": {
						"0.0": {
							"vector": [57.30913, -94.02156, -41.94781]
						},
						"0.1667": {
							"vector": [9.62811, -54.15475, 18.82432]
						},
						"0.5": {
							"vector": [34.25622, 4.19051, 37.64864]
						},
						"0.625": {
							"vector": [35.69216, -24.98212, 28.23648]
						},
						"1.0": {
							"vector": [57.30913, -94.02156, -41.94781]
						}
					},
					"position": {
						"0.0": {
							"vector": [-2, 0, -1]
						},
						"0.5": {
							"vector": [0, 0, -1]
						},
						"1.0": {
							"vector": [-2, 0, -1]
						}
					}
				},
				"RightWingTip": {
					"rotation": {
						"0.0": {
							"vector": [-1.70761, -29.21403, 64.80612]
						},
						"0.2917": {
							"vector": [-2.19516, -20.93697, 64.61078]
						},
						"0.5": {
							"vector": [2.3485, 21.83966, 64.81508]
						},
						"0.875": {
							"vector": [2.36045, 13.8704, 64.48321]
						},
						"1.0": {
							"vector": [-1.70761, -29.21403, 64.80612]
						}
					}
				},
				"LeftWing": {
					"rotation": {
						"0.0": {
							"vector": [57.30913, 94.0216, 41.9478]
						},
						"0.1667": {
							"vector": [9.62811, 54.1547, -18.8243]
						},
						"0.5": {
							"vector": [34.25622, -4.1905, -37.6486]
						},
						"0.625": {
							"vector": [35.69216, 24.9821, -28.2365]
						},
						"1.0": {
							"vector": [57.30913, 94.0216, 41.9478]
						}
					},
					"position": {
						"0.0": {
							"vector": [2, 0, -1]
						},
						"0.5": {
							"vector": [0, 0, -1]
						},
						"1.0": {
							"vector": [2, 0, -1]
						}
					}
				},
				"LeftWingTip": {
					"rotation": {
						"0.0": {
							"vector": [-1.70761, 29.214, -64.8061]
						},
						"0.2917": {
							"vector": [-2.19516, 20.937, -64.6108]
						},
						"0.5": {
							"vector": [2.3485, -21.8397, -64.8151]
						},
						"0.875": {
							"vector": [2.36045, -13.8704, -64.4832]
						},
						"1.0": {
							"vector": [-1.70761, 29.214, -64.8061]
						}
					}
				}
			}
		}
	},
	"geckolib_format_version": 2
}