{
	"format_version": "1.12.0",
	"minecraft:geometry": [
		{
			"description": {
				"identifier": "geometry.playful_cloud",
				"texture_width": 32,
				"texture_height": 32,
				"visible_bounds_width": 3,
				"visible_bounds_height": 3,
				"visible_bounds_offset": [0, 0.5, 0]
			},
			"bones": [
				{
					"name": "middle",
					"pivot": [5.12106, -1.73697, 2.48151],
					"cubes": [
						{"origin": [-7.69858, -0.32061, 1.95671], "size": [14, 1, 1], "pivot": [1.30142, -5.57061, 2.45671], "rotation": [0, 0, -10], "uv": [0, 2]}
					]
				},
				{
					"name": "bottom",
					"parent": "middle",
					"pivot": [-8.67894, -4.23697, 1.98151],
					"cubes": [
						{"origin": [-7.37894, -2.13697, -3.61849], "size": [14, 1, 1], "pivot": [-0.37894, -5.88697, 2.88151], "rotation": [6.93255, 34.39275, 12.14787], "uv": [0, 4]}
					]
				},
				{
					"name": "top",
					"parent": "middle",
					"pivot": [5.12106, -1.83697, 2.48151],
					"cubes": [
						{"origin": [-13.32192, 15.08017, 1.95671], "size": [14, 1, 1], "pivot": [-6.82192, 5.08017, 2.45671], "rotation": [0, 0, 70], "uv": [0, 0]}
					]
				}
			]
		}
	]
}